free_text,n_labels
#ERROR!,3
- cáº£ 2 cÅ©ng chá»‰ ngu nhÆ° nhau thoii khá»i so sÃ¡nh :)),3
. ai khá»‹a tháº§y lÃ  chetme Ä‘Ã³ nha,3
20-10 vui váº» con bÃ³ng sadec:)),2
20/10 em tÄƒng abe má»™t bÃ³ nhan nhÃ©!,2
Abe chÆ¡i dÆ¡,2
Abe cÃ³ thá»ƒ chiáº¿m Ä‘oáº¡t Ä‘Æ°á»£c trÃ¡i tim cá»§a Tiá»ƒu Tiá»ƒu nhÆ°ng riÃªng blue cá»§a Tiá»ƒu Tiá»ƒu thÃ¬ Abe tuá»•i lol chiáº¿m Ä‘oáº¡t Ä‘Æ°á»£c :vv,2
Abe mua Ã¡o nhÆ° nÃ y lÃ  chet con di me sela rá»“i =)),2
Anh 3 ngu váº£i ra hahaha,2
Anh Trung bÃ³ng lá»™n sa Ä‘Ã©c,2
Anh Trung lÃ²i dÃ¡i :)),2
Anh Trung weeboo =))),2
Anh ba lÃ¡o nhÃ¡o lÃ  TÃº xiÃªn giá»,2
Anh em yáº¿u sly ib,2
Anh vá»«a nÃ³i cc gÃ¬ váº­y Abe :D??,2
Ba gÃ ,2
Ba roi gay :<,2
Bao giá» nÆ°á»›c ngáº­p lÃªn Ä‘áº¿n hÃ¡ng thÃ¬ TP HCM sáº½ Ä‘Æ°á»£c gá»i = SÃ i GÃ²n !,2
"Biáº¿t bao nhiÃªu vá»¥ Ä‘i báº¯t ngÆ°á»i bá»‹ quay xong báº£o báº¯t bá»› dÃ¢n lÃ nh ? ThÃ¬ Ä‘m bÃ¢y giá» CA nÃ³ chá» Ä‘á»§ háº¿t má»i thá»§ tá»¥c cáº§n thiáº¿t nÃ³ má»›i dÃ¡m báº¯t chá»© khÃ´ng thÃ¬ Ä‘m ""cÆ° dÃ¢n máº¡ng"" chá»­i sml ra Ã  ?",2
"Buá»“n quÃ¡,k biáº¿t máº¥y cÃ¡i tÆ°á»£ng nghÃ¬n tá»· cÃ³ bá»‹ ngáº­p nc k ná»¯a.",2
BÃ© Ba vailone:))),2
BÃº bÃ³ng cao su ha gÃ¬ cÆ°á»i ghÃª z abe :)),2
BÃº máº¡nh,2
Báº¡n Ba cÃ²n gáº¡ báº¡n ThÆ¡ vÃ´ to lÃ©t ná»¯a :))),2
Báº£o vá»‡ thÃ¬ Äƒn chia rá»“i. CÃ²n lÃ£nh Ä‘áº¡o trÆ°á»ng thÃ¬ Ä‘ang cá»‘ giáº¥u!,2
Báº¯n chet moe abe h,2
Bá»‹ cÃ´ láº­p thÃ¬ vá» Ä‘Ã¢y vá»›i em nÃ¨ abe em dáº«n abe Ä‘i chÆ¡i gÃ¡i nÃ¨ . Bao ngon,2
Bá»‘ lÃ¡o vá»›i giang há»“ Ä‘áº¥t cáº£ng Ã ,2
Bá»›t gÃ¡y láº¡i nha abe,2
Cho liáº¿m háº­u m*n cÃ¡i abe :)),2
Cho ra nhá»¯ng táº¥m áº£nh Ä‘áº§y tÃ­nh áº¥u dÃ¢m,2
ChÃ o cc :))),2
ChÃ o tháº§y ba girlğŸ˜Œná»©ng vcl,2
ChÃ¡n,2
Chá»‹u tháº§y dkm =)),2
Clgv abe !,2
Clm :))))) TrÃ­ XuÃ¢n,2
Clm nÃ³ dÆ¡ nhÆ° chÃ³ rÃ¡ch,2
Con bÃ³ng giÃ  h má»›i lá»™ :v :))),2
Con bÃ³ng sa Ä‘Ã©c,2
Con bÃ³ng sadec =]],2
Con bÃ³ng??,2
"Cuá»‘n dell nháº·t Ä‘c má»“m, toÃ n danh hÃ i Ä‘áº¥t Viá»‡t :))",2
CÃ¡i lá»“n mÃ¡ toÃ n danh hÃ i tháº¿ nÃ y :v,2
CÃ¡u vl,2
"CÃ³ ai tá»± nhiÃªn lÃªn phÆ°á»ng , rá»“i Ä‘i tá»± tá»­ trÃªn áº¥y khÃ´ng ? Giá» tháº±ng nÃ o con nÃ o , muá»‘n tá»± tá»± thÃ¬ cá»© viá»‡c lÃªn phÆ°á»ng cho nÃ³ gá»n . Äá»¡ bá»‹ máº¥t tÃ i sáº£n , vá»›i láº¡i ngÆ°á»i nhÃ  cÅ©ng dá»… tÃ¬m nhÃ¡ . chá»© Ä‘á»«ng cÃ³ ra cáº§u rá»“i nháº£y nghe hÃ´n .",2
CÃ´ mina dá»… thÆ°Æ¡ng hÆ¡n ml cá»§a tháº§y ğŸ˜€,2
CÃ´ my cho Äƒn chai sting vÃ´ Ä‘áº§u nha tháº§y,2
Cá»© nhÆ° tháº¿ nÃ y thÃ¬ duyá»‡t máº¹ Ä‘i cho nhanh ğŸ˜€,2
D' Äá»©c d hiá»ƒu nhÃ¬n cÃ¡i hÃ¬nh lÃ  cá»« á»‰a,2
Deoooo nhaa tháº§y ğŸ˜šğŸ˜š,2
Ditme máº·t tháº§y cÅ©ng tháº§n thÃ¡i vÃ£i l*n :)),2
Dm cÃ¡i giá»ng cÆ°á»i Abe nghe khá»‘n náº¡n vl áº¡ :)) nhÆ°ng má»—i láº§n em nghe em Ä‘á»u cÆ°á»i theo =)),2
Duma.nhá» cÃ  chá»›n lá»›n cÃ  khá»‹a @@,2
DÃ¢n Viá»‡t mÃ¬nh chá»‹u chÆ¡i láº¯m!ná»£ tráº£ gÃ³p cÃ³ sao Ä‘Ã¢u...!ná»£ vay nÃ³ng cÃ²n chÆ¡i ok mÃ !ná»£ cÃ´ng cÅ©ng ko ngoáº¡i láº¹ nhÃ¡!,2
"DÃ¢n khÃ´ng cÃ³ giÃ u nhÃ©, chá»‰ nÃ³ nÆ°á»›c máº¡nh thÃ´i.",2
DÆ¡ vlll nhÆ°ng t thÃ­ch,2
Dáº¡ng hÃ¡ng báº¯t Sele buscu chá»© gÃ¬ tháº§y ğŸ˜,2
Dáº¡ng hÃ¡ng chá»© Ä‘Ã¢u,2
Dá»—i vl . Cay vl :)),2
Em cáº§m cÃ¡i nÃ y phang vÃ o sá»± chu Ä‘Ã¡o cá»§a anh Ba =))),2
Fan tháº§y láº¯m Ä‘áº¥y 3 heo Ã ,2
GAM thua cÃ¡i cá»§ cáº·c nhÃ© !!,2
GhÃ©p lÃ m chÃ³ nha ae,2
Gia Minh tháº§y bá»‹ camp chá»© Ä‘Ã¡nh lá»§ng cc Ä‘Ã¢u petland quÄƒng máº¡nh vcl ra áº¥y :)),2
Gia cÃ¡t ba lÃ  e cá»© tÆ°á»Ÿng táº¿ cÃ´ng phiÃªn báº£n bÃ³ng chá»©,2
Gia cÃ¡t bá»‹ Ä‘á»“ng bÃ³ng Ã ,2
GiÃ  mÃ  dÆ¡ záº¡y aba,2
GiÃ  mÃ  non,2
GiÃ  mÃ  non quÃ¡ aba,2
GiÃ  Ä‘áº§u mÃ  non quÃ¡ :)))),2
GiÃ¡o Ã¡n cc gÃ¬ Ä‘Ã¢y,2
GiÃ¡o Ã¡n vá» One champ Lee bÃº Ä‘Ã¡ vÃ  rá»¥ng máº¥t xÃ¡c,2
Giá»ng anh trung B52 thÃ¡nh thÃ³t vÃ£i lá»“n,2
Giá»‘ng abe vailon,2
Hau Nguyen con cáº·c :v,2
Hieu Trung Æ°ng vcc mÃ ,2
Hqa má»›i ngá»­i mÃ¹i cá»§a sena nÃªn nghiá»‡n mÃ¹i Ä‘it. Háº£ tháº§y=))),2
HÃ i vcl. Buá»“n mÃ  xem video cá»§a Tháº§y lÃ  muá»‘n tá»± tá»­ :)),2
HÃ¡n hoÃ¡ tá»« tá»«,2
HÃ­t háº¿t máº¹ r cÃ²n Ä‘Ã¢u :))))),2
Háº£i ÄÄƒng t gá»i tÆ°á»ng giÃ³ oÃ¡nh bá» má»‹a bÃ¢y giá» :((,2
Há»p thÃ² thá»¥t,2
K pháº£i khen chá»© phim dá»¡ vkl,2
KhÃ³ váº½ ná»¥ cÆ°á»i,2
Kick nÃ³ Ä‘i Abe,2
Lee Sin lol máº¹ giÃ¡o Ã¡n kiá»ƒm soÃ¡t cá»§a tháº§y TÃº,3
Lol nÃ y cÃ¢y vÃ´ Ä‘áº§u nÃ³ má»›i sá»£ :),2
Loáº¡i nghiá»‡n game + sÄƒm trá»• k cÃ³ tÆ°Æ¡ng lai Ä‘Ã¢u nha,3
Lx mÃ¡ cÆ°á»i á»‰a :))),2
LÃ m riáº¿t tháº¥y chÃ¡n. LÃªn cao thá»§ láº¹ Ä‘i Ã´ng giÃ ,2
LÆ°u Báº£o ToÃ n Ä‘á»c háº¡i nÃ£o vcl,2
Láº¡i Há»£p SÃ¢m clm Ä‘áº¿n v thÃ¬ /ff,2
Láº¡i Há»£p SÃ¢m wtf ?????,2
Lá»“n ba rá»i,2
M tÃ­nh chÆ¡i bÃª Ä‘Ãª Ã ,2
Mini Tae cai l,2
Mini Tae dÆ¡ vcl,2
MÃ¡ dÆ¡ vl =))),2
MÃ¡ nÃ³ dÆ¡ vler ğŸ¤£ğŸ¤£ğŸ¤£,2
MÃ¬nh Ä‘ang tÃ¬m má»™t con bÃ² Ä‘áº·c Ä‘iá»ƒm nháº­n dáº¡ng nÃ³ kÃªu cá»±c kÃ¬ thuyáº¿t phá»¥c nha cÃ³ háº­u táº¡ :;),2
Nghe giá»ng lá»©ng quÃ¡,2
Nghe giá»ng lá»©ng quÃ¡ abe,2
Nghe giá»ng mÃ  n*ng háº¿t sá»©c :))))),2
Nghe giá»ng ná»©kg quÃ¡ Abe :)),2
Nghe nhÆ° bá»‹ hiáº¿p dÃ¢m váº­y Ä‘Ã³ :)),2
NgoÃ i nhá»¯ng giÃ¡o Ã¡n xá»‹n sÃ² thÃ¬ Ä‘Ã¢y lÃ  nhá»¯ng gÃ¬ anh em ta sáº½ tiáº¿p thu Ä‘Æ°á»£c tá»« tháº§y. CÃ¡m Æ¡n tháº§y vÃ  xin Ä‘uá»µt má»e tháº§y =))),2
Nguyen van Giang tháº¯ng tá»›i nÆ¡i sá»§a báº­y,2
Nguyá»…n HoÃ ng SÃ¢m lá»“nnn SÃ¢m,2
Nguyá»…n Huá»³nh Báº¡c yÃªu cl,2
Nguyá»…n Quang Huy thÄƒng l nÃ o cháº¿ cÃ¡i nÃ y @@,2
Nguyá»…n SÆ¡n tÄ‘n ghÃ©t tháº§y ba tháº¿ Ã  mÃ  tÃºt cu nÃ o cÅ©ng tháº¥y cmt :)))),2
Nguyá»…n Thanh caÌi naÌ€y dÆ¡ hÆ¡n,2
Nguyá»…n Thá»‹nh nhÆ° con Ä‘Ä© quÃ¡i thai. Bá»• xug thÃªm con cu nÆ°a nhÃ©. Trá»©ng hÆ¡i to ğŸ˜ğŸ˜ğŸ˜,2
Nguyá»…n TÃ i koi ccc bn,2
Nguyá»…n ÄÄƒng Khoa thg há»c trÃ² l nÃ y :))),2
Nguá»…n TrÆ°á»ng vcl intro,2
NgÃ¡o tháº¿,2
Ngá»­i cho tá»‰nh Ä‘i 3 GÃ²a,2
NhÃ¬n nhÆ° con bÃ³ng láº£i cÃ¡i ğŸ¤£,2
NhÆ° 2 giá»t nÆ°á»›c luÃ´n tháº§y Æ¡i. Trinh giá»t nÆ°á»›c suá»‘i cÃ²n tháº§y giá»t nÆ°á»›c cá»‘ng tháº§y áº¡ =))),2
NhÆ° con bÃ³ng dáº¡.:)),2
Non quÃ¡ tháº§y Æ¡i,2
NÃ³ chuáº©n bá»‹ dizz tháº§y tháº­t r tháº§y Ba Æ¡iiii =))),2
NÃ³ xui vl,2
"NÃ³i tháº§y ngÃ¡o thÃ¬ máº¥y Ä‘á»©a nÃ³ láº¡i tá»± Ã¡i , hÃ­c",2
Náº£n ba gÃ  tháº­t sá»±,2
Ná»©ng ná»©ng ná»©ng Ã ,2
Oke Hasagi cháº¿t má»e Ä‘i ğŸ’€,2
Phim dá»Ÿ vl,2
PhÃ¡ sáº£n r lÃ m Ä‘Ä© Ä‘á»±c thÃ´i abr,2
PhÃ¡t Thá»‹nh tháº§y tui nhÆ° tháº±ng xÃ¬ ke.,2
PhÃºc HÆ°ng clm :))),2
Pháº¡m Nguyá»…n CÃ¡t Vy cljv con,2
Pháº¡m VÄƒn Äáº¡i Ä‘js :v,2
Quan chá»©c lÆ°Æ¡ng thÃ¬ cÅ©ng nhÆ° ta thÃ´i. NhÆ°ng ng nÃ o ng náº¥y khi lÃªn lÃ m quan toÃ n nhÃ  láº§u xe hÆ¡i. Láº¡.,2
Quang Minh best xiaolin :v,2
Quang Minh cÃ¡i lá»“n mÃ¡,2
Quang Minh xáº¡o lá»“n vá»«a pháº£i ğŸ¤£ğŸ¤£ğŸ¤£,2
QuÃ¢n Anh dÆ¡ v bro,2
QuÃ¢nAnh dogy chá»©,2
Rank Viá»‡t Nam mÃ  yasuo tt6 tt5 thÃ¬ del pháº£i ngÆ°á»i Viá»‡t Nam r,2
RÃºt kinh nghiá»‡m lÃ  láº¡i Ä‘c sÃ i nghÃ¬n tá»· .,2
Sela tuá»•i gÃ¬ vá»›i abe :))),2
TPhcm cÃ³ chá»£ ná»•i,2
Thanh Tráº» TrÃ¢u Ä‘m :)),2
Thanh Tráº» TrÃ¢u Ä‘m :)))),2
ThanhHuy Nguyen dÆ¡ vcl=))),2
ThÃ¢n? Chá»­i há»c trÃ² nhÆ° 1 con chÃ³... ThÆ°Æ¡ng cÃ¡i lá»“l..,2
ThÃ´i dmm khá»i lÃ m Ä‘i. Äá»ƒ dÃ¢n bá»n tao Ä‘i Ã´ tÃ´ khÃ¡ch cÅ©ng dc.,2
ThÃ´i á»“n im máº¹ má»“m Ä‘i ğŸ˜†ğŸ˜†,2
Tháº§y cá»Ÿi quáº§n thá»‹t luÃ´n,2
Tháº§y em lÃ  pháº£i hÆ¡n. NhÆ°ng ngu hÆ¡n ÄƒğŸ¤§,2
Tháº§y lol chÃºc chá»‰ cÃ³ rá»›t,2
Tháº§y lÃ m nhÆ° váº­y lÃ  cháº¿t cdm tá»¥i em rÃ²i,2
"Tháº§y lá»“n Ä‘Æ°á»£c cÃ¡i sá»§a dÆ¡, yÃªu tháº§y <3",2
Tháº§y xáº¡o lol . ğŸ™‚,2
Tháº±ng Trung cÃ³ con *** to láº¯m,2
Thá»‘i nÃ¡t,2
Tiá»n Ä‘Ã¢u mua tháº§y Æ¡i Ã¡o Ä‘áº¯t vÃ£i Ä‘Ã¡i,2
ToÃ n giÃ¡o Ã¡n lá»§ng mÃ  cá»© dá»±ng lonnn lÃ  sao=)))),2
ToÃ n giÃ¡o Ã¡n mÃ¡u lá»“n cháº£y ngÆ°á»£c,2
Trung bÃ¡ zoe,2
Trung nÃºt vÃ ng bÃ¡ dÆ¡,2
Trung Ä‘Ã¡i dáº§m,2
Trym to,2
TrÃ¨o cao ngÃ£ Ä‘au nhÃ© tháº§y ngu,2
TrÃ´ng tháº§y giá»‘ng bÃª Ä‘Ãª vcl :))),2
TrÆ°á»ng há»£p nÃ y cÃ³ cho tao cÅ©ng Ä‘Ã©o hÃºp Levi said,2
Tráº§n Ngá»c DÆ°Æ¡ng dm het fan cung roi nha,2
Tráº§n Trung TÃ­n vÃ£i lá»“n kkk,2
Tráº» trÃ¢u,2
Trá»ng lÃº,2
"Tuá»•i 17 báº» gÃ£y sá»«ng trÃ¢u, lÃªn 18 thÃ¬ cÃ ng lÃªn level. Äá» nghá»‹ cÃ¡c báº¡n Ä‘Ã¡i nháº¹, á»‹ kháº½, Ä‘á»‹t duyÃªn! KhÃ©o láº¡i bá»ƒ tÆ°á»ng... ğŸ˜“ğŸ˜“ğŸ˜“",2
TÃ¡ng cháº¿t cha tá»¥i mÃ y lÅ© há»c trÃ² l :)),2
TÃ¹ng há»ng :)))),2
TÃº lÃ  con Ä‘Ä© cá»§a aBe hÃ£y gá»i aBe lÃ  Daddy Ä‘iiiiii,2
"TÃº said:"" cho cÃ¡i lá»“n nÃ¨ anh Ba"".",2
TÆ°á»Ÿng k cÃ³ tuá»•i vs vong ba gÃ ,2
"Táº¡i ká»‰ nÄƒng xáº¡o loz cá»§a tháº§y tÄƒng lÃªn , nÃªn há»c sinh chÄƒm chá»‰ hÆ¡n Ã¡ tháº§y ğŸ˜",2
Tá»‘i Tháº§y stream Ä‘Ã¡ phÃ² Ä‘i tháº§y Æ¡i,2
Tá»­ hÃ¬nh,2
Vailon :)),2
Vc,2
Vl,2
VÃ£i,2
Váº£i lá» tháº§yğŸ˜‚ğŸ˜‚ğŸ˜‚,2
"Vá» chÃ­nh trá»‹, chÃºng tuyá»‡t Ä‘á»‘i khÃ´ng cho nhÃ¢n dÃ¢n ta má»™t chÃºt tá»± do dÃ¢n chá»§ nÃ o.",2
Xem bá»±c mÃ¬nh thÃªm,2
YÃªu Tháº§y Ba vÃ£i cáº¹t ğŸ˜š,2
abe dáº¡o nÃ y nÃ³ng quÃ¡ Ã  hoong quáº¡o nha abe . sá»‘ abe nÃ³ má»Ÿ ra zá»‹ thÃ´i chá»­i cc nÃ¨ abe,2
b52 Æ¡i lá»©ng quÃ¡ B52 i,2
bÃ³ng Ä‘á» !!!,2
chÃ¡n luÃ´n,2
con chÃ³ pháº£i khÃ´ng,2
con di~ dang hang leo rank,2
cÃ  khá»‹a t chÃ©m,2
cÃ¡i má» l*n trong lÃ ng hÃ i kháº©u nghiá»‡p!,2
cÃ¡i Ä‘á»‹t con máº¹ m,2
dnn thay ba nhieu hok tro` tot vc :L)),2
fan cá»©ng?? tháº§y lá»“n cho tao fan cá»©ng chÃºng mÃ y áº¡ .. yÃªu tháº§y dáº¥u bÃ© ba = )),2
giÃ  mÃ  non :)),2
hard lÃ m cc gÃ¬ nÆ°ax tháº§y. Cá»© Ä‘anh Man Phi Te nhÆ° váº­y lÃ  ok rá»“i. Cháº¯c cháº¯n lÃªn vcsA,2
hÃ´m nay tiá»ƒu sáº½ sá»‘ng cháº¿t vs concac abe,2
k rÃ£nh loz lÃ m gÃ¬ lÃªn xem abe,2
kay vá» lá».,2
khÃ´n tháº¿ tháº§y lÃ²n :)),2
lz ma no do =)),2
muon tan 1 phat vao mat,2
mÃºa nhÆ° cÃ¡i biá»‡t danh Susan : ChÃ³ :)),2
nghe máº¯c i* quÃ¡ abeeee,2
nhin`nha` que vl ğŸ˜’,2
nhÆ° buá»“i tháº§y áº¡ :)),2
nÃ y lÃ  del cÃ³ tÃ­ nhÃ¢n pháº©m nÃ o nÃªn nÃ³ tháº¿ :((,2
"ná»¯ sinh cháº¡m vÃ o mÃ  CA Ä‘i tÃ¹ 9 thÃ¡ng, CA cháº¡m vÃ o mÃ¡ chá»‹ bÃ¡n hÃ ng rong cháº£y mÃ¡u táº¡m Ä‘Ã¬nh chá»‰ =]]z bÃ¡o cÃ²n viáº¿t thÃªm chá»‹ áº¥y chÄƒn dáº¯t Äƒn xin má»›i ghÃª",2
sale cc Ã  tháº§y ğŸ˜†ğŸ˜†,2
tháº§y mÃ  lÃ  gia cÃ¡t gÃ¬ gia heo thÃ¬ cÃ³ =)),2
tháº§y nhá»› mang vinh quang vá» - nghá»‡ sÄ© hÃ i hÆ°á»›c clm,2
tháº§y Ä‘Ã©o xoÃ¡ kÃªnh kÃªu gá»i há»c trÃ² report cho bay kÃªnh thiá»‡t luÃ´n :)),2
tr Æ¡i nhÃ¬n tháº§y giá»‘ng con pÃ³ng quÃ¡ Ã .,2
vÃ£i l =)),2
xem giá»ng cÆ°á»i mÃ¬nh láº¡i chÃ¡n Ä‘Ã©o muá»‘n nÃ³i ğŸ¤¦,2
Ã”ng Tháº§y nÃ y muá»‘n ngá»§ gáº§m cáº§u láº¯m rá»“y nÃ¨ !!!!!!,2
Äc vÃ¡n hay Ã´ng giÃ¡o gÃ¡y khÃ©t vc=)) ğŸ¥°,2
Äuá»•i máº¹ nÃ³ Ä‘i tháº§y,2
ÄÃ©o lÃ m even nho nhá» giáº£i nghiá»‡p Ä‘i abe :)),2
"ÄÃºng nghÄ©a "" BÃ³p DÃ¡i Cáº£ Team"" Tháº§y Ä‘Ã¡nh ntn Lá»§ng háº¿t rá»“i.",2
ÄÆ¡m cháº¿t máº¹ nÃ³ liá»n :)),2
ÄÆ°á»£c vl luÃ´n abe áº¡,2
Äáº­p sáº¯p máº·t sena tháº§y Æ¡i,2
Äáº­p Ä‘Ã¡ Ã­t thÃ´i tháº§y,2
Äáº­u mÃ¡ tháº§y ok chÆ°a ?,2
Äáº¹p trai . TÃ i nÄƒng . TÆ° duy Ä‘á»‰nh cao . Call team tá»‘t vÃ  nhiá»u pháº©m cháº¥t tá»‘t khÃ¡c ná»¯a lÃ  nhá»¯ng gÃ¬ tháº§y Ä‘á»u cÃ³ . Sena 1 ngÆ°á»i tháº§y hoÃ n háº£o . CÃ²n tháº±ng ngu 3 gÃ  thÃ¬ chá»‹u cÃ¡i gÃ¬ cÅ©ng k cÃ³,2
Äáº¹p trai nhÆ° tháº§y thÃ¬ Ä‘ cÃ³ ai mua ?,2
Äá»“ Uyá»ƒn ÄÃ¬nh Ngá»c dcm=)) chai sting vÃ´ Ä‘áº§u nha,2
Äá»©c Máº¡nh Cá»©ng clmm,2
Ä‘Ã­u tin Ä‘Æ°á»£c luÃ´n =)))))))),2
Ä‘Ãºt vÃ o má»“m tháº§y,2
Æ  tÆ°á»Ÿng tháº§y chÆ¡i gay ğŸ˜¢,2
áº¥u dÃ¢m vÃ£i lz hÃ¨n dÃ¬ cÃ´ phÆ°Æ¡ng linh bá»‘c phá»‘t =))),2
